naam;code
Wijk00;WK000300
Wijk00;WK000500
Wijk00Bellingwolde;WK000700
Wijk01Oost;WK000701
Wijk02Blijham;WK000702
Wijk00West;WK000900
Wijk01Oost;WK000901
Wijk00Stad;WK001000
Wijk01Land;WK001001
Wijk02;WK001002
Wijk03;WK001003
Centrum;WK001400
Oud-Zuid;WK001401
Oud-West;WK001402
Oud-Noord;WK001403
Oosterparkwijk;WK001404
Zuidoost;WK001405
Helpmane.o.;WK001406
Zuidwest;WK001407
Hoogkerke.o.;WK001408
Nieuw-West;WK001409
Noordwest;WK001410
Noordoost;WK001411
Noorddijke.o.;WK001412
Meerdorpen;WK001413
Wijk00Grootegast;WK001500
Wijk01Lutjegast;WK001501
Wijk02Opende;WK001502
Wijk03Oldekerk;WK001503
Wijk00Centrum;WK001700
Wijk01Land;WK001701
Wijk01FoxhamenHoogezand-Noord;WK001801
Wijk02Hoogezand-Zuid;WK001802
Wijk03Kalkwijk;WK001803
Wijk05Kiel-Windeweer;WK001805
Wijk06Kropswolde;WK001806
Wijk07Foxhol;WK001807
Wijk08Westerbroek;WK001808
Wijk09Waterhuizen;WK001809
Wijk11Sappemeer;WK001811
Wijk00Leek;WK002200
Wijk01Zevenhuizen;WK002201
Wijk02Tolbert;WK002202
Wijk04Midwolde;WK002204
Wijk05Lettelbert;WK002205
Wijk06Oostwold;WK002206
Wijk07Enumatil;WK002207
Wijk00;WK002400
Wijk01Stedum;WK002401
Wijk02Middelstum;WK002402
Wijk03tZandt;WK002403
Wijk00Marum;WK002500
Wijk01DeWilp;WK002501
Wijk01AlmereHaven;WK003401
Wijk02AlmereStad;WK003402
Wijk03AlmereBuiten;WK003403
Wijk04AlmerePoort;WK003404
Wijk05AlmereHout;WK003405
Wijk06AlmerePampus;WK003406
Stadskanaal;WK003701
Musselkanaal;WK003702
Onstwedde;WK003703
Mussel;WK003704
Alteveer;WK003705
Wijk00Slochteren-Kolham;WK004000
Wijk01Schildwolde-Hellum;WK004001
Wijk02Siddeburen;WK004002
Wijk03Harkstede;WK004003
Wijk04Overschild;WK004004
Wijk00Veendam-kern;WK004700
Wijk01Veendam-buitengebied;WK004701
Wijk02Wildervank;WK004702
Wijk00Sellingen;WK004800
Wijk01Vlagtwedde;WK004801
Wijk02Bourtange;WK004802
Wijk03Sellingerbeetse;WK004803
Wijk04TerApel;WK004804
Wijk05TerWisch;WK004805
Wijk06deMaten;WK004806
Wijk00;WK005000
Wijk00;WK005300
Wijk01;WK005301
Wijk02;WK005302
Wijk03;WK005303
Wijk00;WK005600
Wijk01;WK005601
Wijk02;WK005602
Wijk03;WK005603
Dokkum;WK005800
Metslawier;WK005801
Ee-Zuidoost;WK005802
Anjum-Noordoost;WK005803
Oosternijkerk-Noordwest;WK005804
Ternaard;WK005805
Holwerd;WK005806
Hantum;WK005807
Wijk00Noord;WK005900
Wijk01Centrum;WK005901
Wijk02Zuid;WK005902
Wijk00;WK006000
Wijk00West;WK006300
Wijk01Oost;WK006301
Wijk02Zuid;WK006302
Wijk00Franeker;WK007000
Wijk01Noord;WK007001
Wijk02Noordoost;WK007002
Wijk03Zuid;WK007003
Wijk04West;WK007004
Wijk05FranekerZuidoost;WK007005
Wijk00Harlingen;WK007200
Wijk01Midlum;WK007201
Wijk02Wijnaldum;WK007202
Wijk01Heerenveen;WK007401
Wijk02Noord-Heerenveen;WK007402
Wijk03Hoornsterzwaag;WK007403
Wijk04Jubbega;WK007404
Wijk06Oranjewoud;WK007406
Skarsterlân;WK007407
Boarnsterhim;WK007409
Wijk00Kollum;WK007900
Wijk01Oost;WK007901
Wijk02Noordwest;WK007902
Wijk03Zuidwest;WK007903
Wijk10Binnenstad;WK008010
Wijk20Transvaalwijk&Rengerspark;WK008020
Wijk21Bilgaard&Havankparke.o.;WK008021
Wijk22Vrijheidswijk;WK008022
Wijk23Lekkume.o.;WK008023
Wijk24Blitsaerd;WK008024
Wijk30Oldegalileën&Bloemenbuurt;WK008030
Wijk31TjerkHiddes&Cambuursterhoek;WK008031
Wijk32Vlietzone;WK008032
Wijk33Oranjewijk&Tulpenburg;WK008033
Wijk34Heechterp;WK008034
Wijk35Schieringen&DeCentrale;WK008035
Wijk36Camminghaburen;WK008036
Wijk37GroteWielen&DeGroeneSter;WK008037
Wijk38Bedrijventerreinen-Oost;WK008038
Wijk40AchterdeHoven;WK008040
Wijk41Schepenbuurt;WK008041
Wijk42Wielenpôlle;WK008042
Wijk43Huizum-Oost;WK008043
Wijk44Huizum-West;WK008044
Wijk45Aldlân;WK008045
Wijk46Nijlân;WK008046
Wijk50Hempens/Teernse.o.&Zuiderburen;WK008050
Wijk51Wirdum&Swichume.o.;WK008051
Wijk52Wytgaarde.o.;WK008052
Wijk53Goutume.o.;WK008053
Wijk54Techum;WK008054
Wijk56Wiarda;WK008056
Wijk58DeWerp;WK008058
Wijk60DeZwette;WK008060
Wijk61Vossepark&Helicon;WK008061
Wijk62Vogelwijk&Muziekwijk;WK008062
Wijk63Valeriuskwartier&MagereWeide;WK008063
Wijk64Westeinde;WK008064
Wijk65BuitengebiedNoordwest;WK008065
Wijk69"DeZuidlanden";WK008069
Wijk70Wergea&Wartene.o.;WK008070
Wijk71Reduzume.o.;WK008071
Wijk72Groue.o.;WK008072
Wijk73Jirnsume.o.;WK008073
Wijk00Noord;WK008100
Wijk01Zuid;WK008101
Wijk00Oosterwolde;WK008500
Wijk01Donkerbroek;WK008501
Wijk02Makkinga;WK008502
Wijk03Oldeberkoop;WK008503
Wijk04Haulerwijk;WK008504
Wijk05Appelscha;WK008505
Wijk00Gorredijk;WK008600
Wijk01Langezwaag;WK008601
Wijk02Terwispel;WK008602
Wijk03Beetsterzwaag;WK008603
Wijk04Ureterp;WK008604
Wijk05Bakkeveen;WK008605
Wijk00;WK008800
Wijk00Drachten;WK009000
Wijk01OverigSmallingerland;WK009001
Wijk00West-Terschelling;WK009300
Wijk01Midsland;WK009301
Wijk02Formerum;WK009302
Wijk03Lies;WK009303
Wijk04Hoorn;WK009304
Wijk05Oosterend;WK009305
Wijk00;WK009600
Wijk00Wolvega;WK009800
Wijk01Sonnega;WK009801
Wijk02Helomavaart;WK009802
Wijk03Munnekeburen;WK009803
Wijk04Scherpenzeel;WK009804
Wijk05Oldeholtpade;WK009805
Wijk06Blesdijke;WK009806
Wijk07Steggerda;WK009807
Wijk08Noordwolde;WK009808
Wijk00Assencentrum;WK010600
Wijk01Lariks;WK010601
Wijk02Noorderpark;WK010602
Wijk03AssenOost;WK010603
Wijk04Pittelo;WK010604
Wijk05AssenWest;WK010605
Wijk06Peelo;WK010606
Wijk07Marsdijk;WK010607
Wijk08Kloosterveen;WK010608
Wijk99Buitengebied;WK010699
Wijk10Coevorden;WK010910
Wijk11Steenwijksmoer;WK010911
Wijk12NieuweKrim;WK010912
Wijk13Weijerswold;WK010913
Wijk14VlieghuisenPadhuis;WK010914
Wijk20Dalen;WK010920
Wijk30Oosterhesselen;WK010930
Wijk40Sleen;WK010940
Wijk50Zweeloo;WK010950
Wijk01Nieuw-Weerdinge;WK011401
Wijk02Roswinkel;WK011402
Wijk03Emmer-Compascuum;WK011403
Wijk04Barger-Compascuum;WK011404
Wijk05Nieuw-Dordrecht;WK011405
Wijk06Nieuw-Amsterdam;WK011406
Wijk07Erica;WK011407
Wijk08Klazienaveen;WK011408
Wijk09Zwartemeer;WK011409
Wijk10Schoonebeek;WK011410
Wijk13Veenoord;WK011413
Wijk21Nieuw-Schoonebeek;WK011421
Wijk32Weiteveen;WK011432
Wijk40Emmen-Centrum;WK011440
Wijk41Emmen-CentrumOost;WK011441
Wijk42Emmermeer;WK011442
Wijk43Angelslo;WK011443
Wijk44Emmerhout;WK011444
Wijk45Emmerschans;WK011445
Wijk46Bargeres;WK011446
Wijk47Rietlanden;WK011447
Wijk48ParcSandur;WK011448
Wijk49Delftlanden;WK011449
Wijk50Barger-Oosterveld;WK011450
Wijk51KernEmmenNoord;WK011451
Wijk52KernEmmenZuid;WK011452
Wijk53KernEmmenIndustrieterreinen;WK011453
Wijk50Hoogeveen;WK011850
Wijk51DeWeide;WK011851
Wijke52Fluitenberg;WK011852
Wijk53Elim;WK011853
Wijk54Hollandscheveld;WK011854
Wijk55Noordscheschut;WK011855
Wijk56Nieuwlande;WK011856
Wijk57Nieuweroord;WK011857
Wijk58Tiendeveen;WK011858
Wijk59Stuifzand;WK011859
Wijk60Pesse;WK011860
Wijk61ZuideropgaandeNieuwMoscou;WK011861
Wijk62Industrie-enverspreidegebieden;WK011862
Centrum;WK011900
Watertoren;WK011901
Haveltermade;WK011902
Koedijkslanden;WK011903
Berggierslanden;WK011904
Ezinge;WK011905
Oosterboer;WK011906
Nieuwveenselanden;WK011907
Blankenstein;WK011908
IndustrieterreinNoord;WK011909
IndustrieOevers;WK011910
VerspreidgebiedMeppel;WK011911
Nijeveen;WK011912
Rogat;WK011913
Wijk00Zuid;WK014000
Wijk01Noord;WK014001
Wijk02Mantgum;WK014002
Wijk03;WK014003
Wijk04;WK014004
Wijk10Binnenstad;WK014110
Wijk11DeRiet;WK014111
Wijk12Noorderkwartier;WK014112
Wijk13Sluitersveld;WK014113
Wijk14WierdenseHoek;WK014114
Wijk15Nieuwstraat-Kwartier;WK014115